нд 02.01.2022 в 03:13:23, 57gti@gmail.com, retail;
нд 02.01.2022 в 03:13:23, 57gti@gmail.com, wholesale;
нд 02.01.2022 в 03:13:23, 57gti@gmail.com, wholesale;
нд 02.01.2022 03:16:27, uopen@gmail.com, wholesale;
нд 02.01.2022 03:16:27, uopen@gmail.com, wholesale;
нд 02.01.2022 03:16:27, uopen@gmail.com, wholesale;
нд 02.01.2022 03:57:15,1iv8g@gmail.com,retail
нд 02.01.2022 03:57:15,1iv8g@gmail.comsfh10@gmail.com,wholesale
нд 02.01.2022 03:57:15,1iv8g@gmail.comsfh10@gmail.comkbgse@gmail.com,retail
нд 02.01.2022 04:00:13,hfstb@gmail.com,retail
нд 02.01.2022 04:00:13,hfstb@gmail.com6dtdd@gmail.com,wholesale
нд 02.01.2022 04:00:13,hfstb@gmail.com6dtdd@gmail.comjdv6s@gmail.com,retail
нд 02.01.2022 04:00:44,erm4v@gmail.com,wholesale
нд 02.01.2022 04:00:44,erm4v@gmail.comm4thj@gmail.com,wholesale
нд 02.01.2022 04:00:44,erm4v@gmail.comm4thj@gmail.com6d6ph@gmail.com,wholesale
нд 02.01.2022 04:02:54,9ia3r@gmail.com,wholesale
нд 02.01.2022 04:02:54,9ia3r@gmail.com6uda1@gmail.com,wholesale
нд 02.01.2022 04:02:54,9ia3r@gmail.com6uda1@gmail.com9jhp4@gmail.com,wholesale
нд 02.01.2022 04:05:25,nvik7@gmail.com,retail
нд 02.01.2022 04:05:25,nvik7@gmail.comgu9ri@gmail.com,retail
нд 02.01.2022 04:05:25,nvik7@gmail.comgu9ri@gmail.comobq5m@gmail.com,retail
нд 02.01.2022 04:33:23,5tndu@gmail.com,wholesale
нд 02.01.2022 04:33:23,5tndu@gmail.comhibps@gmail.com,wholesale
нд 02.01.2022 04:33:23,5tndu@gmail.comhibps@gmail.comi11uu@gmail.com,retail
нд 02.01.2022 04:33:51,63un8@gmail.com,wholesale
нд 02.01.2022 04:33:51,63un8@gmail.comljkg9@gmail.com,wholesale
нд 02.01.2022 04:33:51,63un8@gmail.comljkg9@gmail.com8e98c@gmail.com,retail
нд 02.01.2022 04:35:40,a9cqp@gmail.com,retail
нд 02.01.2022 04:35:40,a9cqp@gmail.comk73il@gmail.com,retail
нд 02.01.2022 04:35:40,a9cqp@gmail.comk73il@gmail.comr8p7b@gmail.com,wholesale
нд 02.01.2022 04:35:40,a9cqp@gmail.comk73il@gmail.comr8p7b@gmail.comjaog9@gmail.com,retail
нд 02.01.2022 04:35:40,a9cqp@gmail.comk73il@gmail.comr8p7b@gmail.comjaog9@gmail.comghbfl@gmail.com,retail
нд 02.01.2022 04:35:40,a9cqp@gmail.comk73il@gmail.comr8p7b@gmail.comjaog9@gmail.comghbfl@gmail.com56dvn@gmail.com,retail
нд 02.01.2022 04:35:40,a9cqp@gmail.comk73il@gmail.comr8p7b@gmail.comjaog9@gmail.comghbfl@gmail.com56dvn@gmail.comejl93@gmail.com,retail
нд 02.01.2022 04:36:59,pig6r@gmail.com,retail
нд 02.01.2022 04:36:59,pig6r@gmail.comj5vh7@gmail.com,retail
нд 02.01.2022 04:36:59,pig6r@gmail.comj5vh7@gmail.com89qrt@gmail.com,retail
нд 02.01.2022 04:36:59,pig6r@gmail.comj5vh7@gmail.com89qrt@gmail.comq2k7v@gmail.com,retail
нд 02.01.2022 04:36:59,pig6r@gmail.comj5vh7@gmail.com89qrt@gmail.comq2k7v@gmail.comf2gb8@gmail.com,retail
нд 02.01.2022 04:36:59,pig6r@gmail.comj5vh7@gmail.com89qrt@gmail.comq2k7v@gmail.comf2gb8@gmail.com9g34s@gmail.com,wholesale
нд 02.01.2022 04:36:59,pig6r@gmail.comj5vh7@gmail.com89qrt@gmail.comq2k7v@gmail.comf2gb8@gmail.com9g34s@gmail.commgma4@gmail.com,wholesale
